polymer,length
PS,512
PS,449
PS,134
PS,32
PS,120
PS,140
PS,215
PS,233
PS,208
PS,96
PS,500
PS,171
PS,136
PS,206
PS,348
PS,117
PS,172
PS,134
PS,132
PS,404
PS,143
PS,168
PS,383
PS,272
PS,317
PS,315
PS,543
PS,226
PS,241
PS,340
PS,302
PS,403
PS,280
PS,169
PS,432
PS,400
PS,182
PS,138
PS,288
PS,294
PS,370
PS,386
PS,165
PS,436
PS,625
PS,183
PS,255
PS,533
PS,267
PS,289
PS,483
PS,184
PS,228
PS,206
PS,426
PS,588
PS,59
PS,260
PS,270
PS,98
PS,179
PS,217
PS,117
PS,530
PS,80
PS,180
PS,40
PS,120
PS,860
PS,50
PS,160
PS,130
PS,100
PS,510
PS,40
PS,230
PS,80
PS,690
PS,50
PS,110
PS,70
PS,200
PS,230
PS,130
PS,110
PS,90
PS,70
PS,170
PS,90
PS,160
PS,140
PS,120
PS,70
PS,220
PS,120
PS,240
PS,470
PS,110
PS,80
PS,140
PS,100
PS,50
PS,50
PS,70
PS,100
PS,110
PS,90
PS,120
PS,80
PS,620
PS,60
PS,350
PS,80
PS,510
PS,120
PS,140
PS,140
PS,150
PS,80
PS,110
PS,110
PS,100
PS,120
PS,30
PS,150
PS,70
PS,40
PS,140
PS,600
PS,550
PS,520
PS,900
PS,160
PS,70
PS,220
PS,220
PS,130
PS,370
PS,60
PS,210
PS,80
PS,50
PS,110
PS,60
PS,80
PS,220
PS,530
PS,130
PS,100
PS,110
PS,110
PS,460
PS,80
PS,300
PS,160
PS,70
PS,200
PS,160
PS,40
PS,250
PS,200
PS,310
PS,60
PS,150
PS,1960
PS,90
PS,60
PS,60
PS,270
PS,250
PS,380
PS,40
PS,130
PS,220
PS,170
PS,110
PS,360
PS,120
PS,160
PS,220
PS,160
PS,140
PS,90
PS,170
PS,270
PS,90
PS,90
PS,180
PS,160
PS,90
PS,280
PS,120
PS,220
PS,40
PS,360
PS,70
PS,100
PS,210
PS,60
PS,170
PS,140
PS,480
PS,170
PS,140
PS,210
PS,140
PS,160
PS,230
PS,220
PS,80
PS,210
PS,140
PS,150
PS,100
PS,50
PS,30
PS,30
PS,60
PS,250
PS,160
PS,170
PS,220
PS,260
PS,180
PS,140
PS,160
PS,100
PS,250
PS,50
PS,90
PS,100
PS,220
PS,60
PS,420
PS,50
PS,300
PS,230
PS,130
PS,100
PS,60
PS,70
PS,160
PS,150
PS,70
PS,170
PS,70
PS,150
PS,180
PS,120
PS,320
PS,140
PS,520
PS,140
PS,50
PS,260
PS,290
PS,100
PS,160
PS,190
PS,80
PS,90
PS,190
PS,300
PS,180
PS,230
PS,70
PS,130
PS,190
PS,250
PS,160
PS,240
PS,200
PS,140
PS,140
PS,120
PS,110
PS,170
PS,50
PS,240
PS,60
PS,80
PS,430
PS,130
PS,280
PS,70
PS,210
PS,240
PS,110
PS,150
PS,160
PS,160
PS,110
PS,170
PS,150
PS,210
PS,90
PS,140
PS,180
PS,190
PS,250
PS,230
PS,200
PS,210
PS,30
PS,60
PS,70
PS,100
PS,40
PS,40
PS,130
PS,250
PS,240
PS,110
PS,330
PS,100
PS,70
PS,80
PS,240
PS,170
PS,110
PS,190
PS,160
PS,200
PS,110
PS,440
PS,70
PS,150
PS,200
PS,120
PS,90
PS,70
PS,60
PS,260
PS,150
PS,60
PS,90
PS,130
PS,120
PS,140
PS,310
PS,80
PS,130
PS,140
PS,270
PS,80
PS,240
PS,140
PS,220
PS,90
PS,180
PS,370
PS,50
PS,110
PS,230
PS,140
PS,200
PS,260
PS,220
PS,260
PS,120
PS,90
PS,30
PS,140
PS,260
PS,190
PS,80
PS,150
PS,90
PS,130
PS,170
PS,30
PS,200
PS,150
PS,120
PS,230
PS,140
PS,60
PS,250
PS,60
PS,60
PS,240
PS,90
PS,260
PS,490
PS,360
PS,60
PS,180
PS,90
PS,110
PS,90
PS,300
PS,130
PS,80
PS,90
PS,90
PS,70
PS,300
PS,220
PS,220
PS,160
PS,130
PS,30
PS,280
PS,230
PS,160
PS,240
PS,80
PS,80
PS,170
PS,60
PS,360
PS,110
PS,130
PS,130
PS,50
PS,190
PS,130
PS,40
PS,280
PS,280
PS,70
PS,60
PS,130
PS,210
PS,220
PS,90
PS,100
PS,120
PS,110
PS,100
PS,100
PS,590
PS,120
PS,70
PS,250
PS,130
PS,300
PS,40
PS,90
PS,80
PS,80
PS,180
PS,310
PS,200
PS,160
PS,40
PS,80
PS,90
PS,220
PS,70
PS,30
PS,90
PS,130
PS,100
PS,40
PS,100
PS,250
PS,300
PS,250
PS,170
PS,130
PS,350
PS,190
PS,100
PS,50
PS,140
PS,100
PS,80
PS,240
PS,310
PS,210
PS,190
PS,170
PS,240
PS,190
PS,170
PS,250
PS,180
PS,90
PS,360
PS,50
PS,160
PS,250
PS,250
PS,100
PS,350
PS,170
PS,70
PS,800
PS,110
PS,60
PS,220
PS,210
PS,210
PS,390
PS,120
PS,220
PS,170
PS,160
PS,190
PS,320
PS,240
PS,130
PS,40
PS,210
PS,410
PS,150
PS,110
PS,100
PS,240
PS,410
PS,130
PS,290
PS,150
PS,190
PS,60
PS,320
PS,110
PS,200
PS,130
PS,40
PS,40
PS,330
PS,320
PS,100
PS,300
PS,160
PS,70
PS,210
PS,160
PS,100
PS,70
PS,140
PS,60
PS,110
PS,280
PS,130
PS,200
PS,30
PS,350
PS,90
PS,270
PS,410
PS,100
PS,100
PS,140
PS,100
PS,490
PS,150
PS,190
PS,120
PS,210
PS,70
PS,170
PS,370
PS,110
PS,160
PS,130
PS,100
PS,280
PS,140
PS,150
PS,150
PS,110
PS,250
PS,110
PS,490
PS,330
PS,630
PS,100
PS,70
PS,480
PS,210
PS,600
PS,140
PS,300
PS,450
PS,230
PS,50
PS,410
PS,160
PS,120
PS,450
PS,220
PS,370
PS,440
PS,270
PS,160
PS,470
PS,170
PS,440
PS,100
PS,90
PS,110
PS,390
PS,120
PS,470
PS,390
PS,430
PS,80
PS,290
PS,120
PS,520
PS,240
PS,520
PS,180
PS,560
PS,320
PS,130
PS,200
PS,270
PS,320
PS,320
PS,230
PS,140
PS,340
PS,470
PS,170
PS,300
PS,110
PS,140
PS,220
PS,180
PS,80
PS,130
PS,80
PS,420
PS,460
PS,540
PS,190
PS,140
PS,140
PS,390
PS,160
PS,80
PS,180
PS,310
PS,120
PS,120
PS,180
PS,70
PS,270
PS,290
PS,220
PS,100
PS,110
PS,290
PS,70
PS,170
PS,680
PS,110
PS,140
PS,210
PS,210
PS,90
PS,560
PS,370
PS,210
PS,320
PS,270
PS,260
PS,300
PS,330
PS,140
PS,280
PS,290
PS,130
PS,90
PS,130
PS,340
PS,800
PS,550
PS,70
PS,200
PS,240
PS,140
PS,220
PS,120
PS,530
PS,400
PS,220
PS,540
PS,200
PS,160
PS,330
PS,650
PS,510
PS,270
PS,400
PS,150
PS,80
PS,240
PS,710
PS,270
PS,450
PS,330
PS,190
PS,140
PS,140
PS,330
PS,410
PS,150
PS,160
PS,460
PS,630
PS,250
PS,120
PS,580
PS,570
PS,430
PS,130
PS,90
PS,250
PS,300
PS,210
PS,320
PS,330
PS,220
PS,50
PS,100
PS,350
PS,130
PS,60
PS,170
PS,780
PS,230
PS,270
PS,340
PS,580
PS,100
PS,390
PS,360
PS,610
PS,560
PS,100
PS,180
PS,420
PS,70
PS,390
PS,170
PS,330
PS,200
PS,70
PS,80
PS,300
PS,210
PS,100
PS,80
PS,480
PS,120
PS,320
PS,170
PS,140
PS,620
PS,580
PS,270
PS,210
PS,60
PS,130
PS,100
PS,140
PS,210
PS,190
PS,110
PS,220
PS,90
PS,100
PS,210
PS,320
PS,230
PS,210
PS,160
PS,310
PS,270
PS,280
PS,310
PS,240
PS,270
PS,180
PS,150
PS,130
PS,90
PS,210
PS,240
PS,370
PS,70
PS,370
PS,270
PS,490
PS,350
PS,100
PS,280
PS,70
PS,360
PS,280
PS,1210
PS,460
PS,670
PS,70
PS,570
PS,320
PS,190
PS,420
PS,320
PS,250
PS,540
PS,410
PS,400
PS,180
PS,510
PS,320
PS,290
PS,170
PS,70
PS,420
PS,60
PS,290
PS,70
PS,170
PS,420
PS,90
PS,160
PS,350
PS,160
PS,130
PS,50
PS,60
PS,50
PS,70
PS,110
PS,240
PS,400
PS,100
PS,460
PS,120
PS,480
PS,220
PS,160
PS,270
PS,200
PS,470
PS,110
PS,270
PS,360
PS,300
PS,50
PS,120
PS,70
PS,120
PS,160
PS,120
PS,130
PS,260
PS,60
PS,120
PS,160
PS,130
PS,20
PS,80
PS,140
PS,140
PS,140
PS,150
PS,180
PS,150
PS,142
PS,161
PS,102
PS,90
PS,101
PS,175
PS,228
PS,79
PS,255
PS,243
PS,114
PS,536
PS,378
PS,119
PS,86
PS,124
PS,356
PS,127
PS,430
PS,128
PS,145
PS,153
PS,84
PS,103
PS,311
PS,562
PS,5
PS,166
PS,311
PS,203
PS,143
PS,185
PS,361
PS,293
PS,156
PS,196
PS,127
PS,60
PS,95
PS,107
PS,64
PS,283
PS,158
PS,56
PS,85
PS,203
PS,78
PS,381
PS,212
PS,177
PS,353
PS,72
PS,326
PS,54
PS,279
PS,158
PS,313
PS,99
PS,478
PS,90
PS,142
PS,348
PS,160
PS,113
PS,139
PS,150
PS,88
PS,181
PS,296
PS,123
PS,130
PS,238
PS,176
PS,463
PS,142
PS,261
PS,158
PS,146
PS,103
PS,103
PS,124
PS,113
PS,501
PS,145
PS,142
PS,268
PS,155
PS,126
PS,153
PS,174
PS,154
PS,332
PS,158
PS,211
PS,179
PS,95
PS,117
PS,78
PS,106
PS,65
PS,146
PS,367
PS,172
PS,128
PS,98
PS,90
PS,76
PS,291
PS,161
PS,110
PS,216
PS,106
PS,123
PS,139
PS,212
PS,231
PS,184
PS,117
PS,106
PS,175
PS,157
PS,185
PS,125
PS,93
PS,88
PS,197
PS,229
PS,71
PS,179
PS,209
PS,61
PS,359
PS,75
PS,185
PS,99
PS,105
PS,373
PS,106
PS,96
PS,64
PS,33
PS,120
PS,270
PS,85
PS,92
PS,483
PS,141
PS,115
PS,78
PS,111
PS,605
PS,150
PS,290
PS,48
PS,62
PS,343
PS,98
PS,99
PS,57
PS,170
PS,312
PS,68
PS,35
PS,53
PS,62
PS,81
PS,107
PS,77
PS,347
PS,348
PS,123
PS,230
PS,65
PS,110
PS,207
PS,140
PS,70
PS,58
PS,393
PS,214
PS,542
PS,76
PS,172
PS,106
PS,184
PS,60
PS,95
PS,64
PS,149
PS,50
PS,85
PS,183
PS,182
PS,57
PS,179
PS,121
PS,143
PS,349
PS,367
PS,258
PS,270
PS,83
PS,38
PS,168
PS,99
PS,140
PS,198
PS,57
PS,135
PS,68
PS,111
PS,97
PS,59
PS,285
PS,58
PS,184
PS,196
PS,369
PS,460
PS,175
PS,143
PS,130
PS,419
PS,41
PS,108
PS,66
PS,339
PS,99
PS,280
PS,265
PS,114
PS,243
PS,157
PS,174
PS,136
PS,292
PS,332
PS,51
PS,142
PS,101
PS,358
PS,602
PS,164
PS,112
PS,170
PS,78
PS,188
PS,54
PS,89
PS,165
PS,85
PS,61
PS,75
PS,48
PS,43
PS,99
PS,85
PS,86
PS,209
PS,46
PS,67
PS,70
PS,135
PS,39
PS,193
PS,81
PS,494
PS,93
PS,421
PS,68
PS,261
PS,82
PS,158
PS,185
PS,93
PS,358
PS,68
PS,96
PS,76
PS,161
PS,359
PS,216
PS,106
PS,127
PS,344
PS,59
PS,70
PS,195
PS,186
PS,115
PS,304
PS,167
PS,138
PS,96
PS,99
PS,72
PS,83
PS,306
PS,122
PS,181
PS,60
PS,140
PS,157
PS,226
PS,119
PS,107
PS,134
PS,127
PS,136
PS,481
PS,47
PS,39
PS,202
PS,274
PS,87
PS,88
PS,186
PS,304
PS,155
PS,143
PS,57
PS,92
PS,78
PS,311
PS,52
PS,89
PS,133
PS,145
PS,111
PS,153
PS,119
PS,54
PS,96
PS,509
PS,72
PS,38
PS,93
PS,143
PS,97
PS,93
PS,206
PS,52
PS,100
PS,164
PS,59
PS,64
PS,249
PS,447
PS,145
PS,84
PS,208
PS,95
PS,295
PS,79
PS,289
PS,149
PS,439
PS,96
PS,319
PS,375
PS,159
PS,68
PS,138
PS,81
PS,299
PS,138
PS,118
PS,78
PS,68
PS,179
PS,358
PS,250
PS,280
PS,506
PS,75
PS,159
PS,154
PS,86
PS,58
PS,364
PS,136
PS,170
PS,35
PS,61
PS,140
PS,273
PS,93
PS,248
PS,185
PS,727
PS,218
PS,118
PS,189
PS,67
PS,65
PS,134
PS,185
PS,95
PS,128
PS,64
PS,82
PS,136
PS,184
PS,149
PS,78
PS,117
PS,135
PS,528
PS,338
PS,92
PS,98
PS,505
PS,149
PS,142
PS,496
PS,90
PS,96
PS,67
PS,73
PS,293
PS,149
PS,126
PS,119
PS,198
PS,195
PS,118
PS,76
PS,41
PS,70
PS,129
PS,89
PS,65
PS,257
PS,506
PS,220
PS,201
PS,181
PS,301
PS,176
PS,225
PS,91
PS,60
PS,462
PS,105
PS,147
PS,108
PS,66
PS,160
PS,77
PS,200
PS,602
PS,177
PS,192
PS,59
PS,115
PS,59
PS,110
PS,281
PS,232
PS,79
PS,409
PS,145
PS,117
PS,256
PS,80
PS,236
PS,625
PS,106
PS,159
PS,101
PS,145
PS,209
PS,133
PS,64
PS,111
PS,58
PS,79
PS,53
PS,75
PS,269
PS,97
PS,120
PS,173
PS,54
PS,53
PS,200
PS,117
PS,74
PS,216
PS,198
PS,475
PS,279
PS,355
PS,153
PET,270
PET,213
PET,451
PET,190
PET,128
PET,244
PET,366
PET,123
PET,92
PET,61
PET,42
PET,296
PET,40
PET,213
PET,115
PET,347
PET,383
PET,609
PET,109
PET,82
PET,34
PET,79
PET,337
PET,115
PET,418
PET,429
PET,47
PET,48
PET,54
PET,456
PET,740
PET,288
PET,385
PET,136
PET,134
PET,83
PET,422
PET,182
PET,757
PET,260
PET,523
PET,100
PET,57
PET,620
PET,163
PET,61
PET,51
PET,479
PET,635
PET,58
PET,94
PET,38
PET,403
PET,1125
PET,101
PET,630
PET,390
PET,84
PET,165
PET,74
PET,134
PET,288
PET,71
PET,38
PET,82
PET,80
PET,229
PET,143
PET,295
PET,47
PET,40
PET,55
PET,80
PET,164
PET,145
PET,368
PET,74
PET,730
PET,217
PET,87
PET,276
PET,86
PET,119
PET,375
PET,40
PET,268
PET,126
PET,72
PET,51
PET,95
PET,301
PET,79
PET,235
PET,284
PET,237
PET,84
PET,736
PET,65
PET,370
PET,133
PET,334
PET,478
PET,102
PET,196
PET,538
PET,80
PET,61
PET,139
PET,1769
PET,238
PET,94
PET,79
PET,451
PET,52
PET,237
PET,648
PET,257
PET,163
PET,146
PET,153
PET,58
PET,185
PET,251
PET,88
PET,227
PET,88
PET,65
PET,544
PET,390
PET,191
PET,163
PET,211
PET,313
PET,145
PET,204
PET,316
PET,770
PET,196
PET,162
PET,40
PET,160
PET,124
PET,167
PET,74
PET,179
PET,114
PET,40
PET,69
PET,145
PET,229
PET,191
PET,41
PET,152
PET,143
PET,378
PET,56
PET,170
PET,100
PET,280
PET,76
PET,104
PET,480
PET,153
PET,117
PET,284
PET,220
PET,178
PET,77
PET,130
PET,79
PET,221
PET,143
PET,164
PET,103
PET,207
PET,38
PET,74
PET,104
PET,139
PET,52
PET,480
PET,56
PET,162
PET,147
PET,221
PET,123
PET,42
PET,158
PET,269
PET,76
PET,194
PET,106
PET,237
PET,229
PET,112
PET,118
PET,650
PET,206
PET,60
PET,145
PET,837
PET,105
PET,129
PET,170
PET,550
PET,446
PET,200
PET,80
PET,167
PET,159
PET,87
PET,205
PET,79
PET,900
PET,89
PET,197
PET,104
PET,244
PET,123
PET,155
PET,106
PET,241
PET,216
PET,186
PET,252
PET,253
PET,176
PET,109
PET,364
PET,272
PET,162
PET,54
PET,257
PET,66
PET,171
PET,250
PET,180
PET,216
PET,72
PET,339
PET,207
PET,226
PET,217
PET,107
PET,259
PET,341
PET,109
PET,181
PET,81
PET,211
PET,319
PET,496
PET,240
PET,71
PET,54
PET,300
PET,133
PET,217
PET,118
PET,101
PET,97
PET,333
PET,104
PET,493
PET,283
PET,162
PET,201
PET,265
PET,77
PET,318
PET,61
PET,274
PET,161
PET,61
PET,62
PET,68
PET,532
PET,81
PET,274
PET,220
PET,147
PET,549
PET,134
PET,103
PET,1043
PET,413
PET,63
PET,173
PET,110
PET,519
PET,84
PET,134
PET,108
PET,116
PET,560
PET,65
PET,93
PET,68
PET,664
PET,771
PET,60
PET,825
PET,296
PET,474
PET,61
PET,76
PET,649
PET,363
PET,144
PET,280
PET,76
PET,92
PET,283
PET,597
PET,61
PET,46
PET,191
PET,72
PET,59
PET,149
PET,360
PET,626
PET,151
PET,428
PET,385
PET,722
PET,249
PET,619
PET,61
PET,62
PET,368
PET,124
PET,424
PET,542
PET,281
PET,235
PET,377
PET,607
PET,768
PET,343
PET,149
PET,156
PET,196
PET,74
PET,367
PET,76
PET,115
PET,199
PET,40
PET,181
PET,187
PET,681
PET,361
PET,452
PET,195
PET,485
PET,137
PET,197
PET,302
PET,311
PET,283
PET,137
PET,134
PET,167
PET,649
PET,466
PET,461
PET,68
PET,226
PET,162
PET,921
PET,558
PET,309
PET,120
PET,428
PET,376
PET,163
PET,460
PET,99
PET,122
PET,415
PET,58
PET,302
PET,73
PET,180
PET,895
PET,112
PET,261
PET,248
PET,62
PET,242
PET,62
PET,122
PET,248
PET,410
PET,381
PET,292
PET,196
PET,267
PET,1218
PET,551
PET,614
PET,512
PET,80
PET,103
PET,102
PET,306
PET,225
PET,146
PET,60
PET,329
PET,276
PET,65
PET,102
PET,386
PET,405
PET,64
PET,75
PET,72
PET,1251
PET,194
PET,103
PET,71
PET,366
PET,118
PET,766
PET,47
PET,42
PET,30
PET,58
PET,45
PET,97
PET,388
PET,303
PET,122
PET,108
PET,65
PET,43
PET,1143
PET,56
PET,143
PET,336
PET,101
PET,263
PET,313
PET,201
PET,271
PET,191
PET,202
PET,698
PET,1105
PET,79
PET,68
PET,51
PET,116
PET,70
PET,130
PET,106
PET,289
PET,1179
PET,545
PET,527
PET,406
PET,374
PET,118
PET,1237
PET,475
PET,275
PET,172
PET,639
PET,252
PET,51
PET,152
PET,37
PET,18
PET,397
PET,68
PET,1153
PET,622
PET,92
PET,56
PET,849
PET,57
PET,58
PET,74
PET,208
PET,48
PET,71
PET,135
PET,330
PET,180
PET,141
PET,181
PET,376
PET,955
PET,286
PET,213
PET,164
PET,796
PET,139
PET,139
PET,188
PET,181
PET,43
PET,354
PET,63
PET,90
PET,320
PET,340
PET,56
PET,126
PET,181
PET,107
PET,163
PET,233
PET,121
PET,264
PET,217
PET,183
PET,79
PET,50
PET,520
PET,168
PET,68
PET,111
PET,386
PET,136
PET,307
PET,66
PET,232
PET,394
PET,202
PET,256
PET,125
PET,184
PET,266
PET,299
PET,161
PET,115
PET,100
PET,146
PET,95
PET,396
PET,196
PET,170
PET,261
PET,171
PET,381
PET,90
PET,105
PET,163
PET,54
PET,188
PET,245
PET,129
PET,328
PET,322
PET,354
PET,76
PET,159
PET,201
PET,243
PET,133
PET,348
PET,33
PET,62
PET,939
PET,240
PET,253
PET,76
PET,34
PET,97
PET,109
PET,175
PET,56
PET,56
PET,325
PET,304
PET,556
PET,137
PET,120
PET,226
PET,769
PET,238
PET,170
PET,141
PET,105
PET,152
PET,74
PET,58
PET,396
PET,132
PET,54
PET,56
PET,95
PET,53
PET,235
PET,833
PET,137
PET,67
PET,41
PET,71
PET,141
PET,28
PET,69
PET,101
PET,330
PET,202
PET,82
PET,339
PET,223
PET,371
PET,40
PET,47
PET,143
PET,258
PET,294
PET,179
PET,159
PET,78
PET,208
PET,375
PET,49
PET,127
PET,387
PET,159
PET,251
PET,62
PET,99
PET,173
PET,105
PET,101
PET,31
PET,235
PET,154
PET,150
PET,92
PET,58
PET,184
PET,112
PET,33
PET,332
PET,160
PET,213
PET,58
PET,51
PET,99
PET,394
PET,289
PET,63
PET,232
PET,175
PET,281
PET,92
PET,197
PET,166
PET,57
PET,369
PET,234
PET,134
PET,1067
PET,233
PET,338
PET,286
PET,145
PET,191
PET,113
PET,167
PET,210
PET,127
PET,58
PET,130
PET,53
PET,56
PET,44
PET,206
PET,120
PET,146
PET,201
PET,184
PET,153
PET,63
PET,612
PET,26
PET,84
PET,206
PET,228
PET,312
PET,309
PET,81
PET,173
PET,140
PET,236
PET,138
PET,56
PET,116
PET,120
PET,62
PET,204
PET,397
PET,46
PET,130
PET,137
PET,196
PET,417
PET,359
PET,284
PET,246
PET,160
PET,121
PET,272
PET,191
PET,123
PET,259
PET,282
PET,141
PET,403
PET,222
PET,256
PET,62
PET,179
PET,78
PET,395
PET,56
PET,710
PET,104
PET,229
PET,250
PET,186
PET,174
PET,223
PET,80
PET,102
PET,444
PET,334
PET,341
PET,188
PET,69
PET,44
PET,53
PET,70
PET,65
PET,70
PET,99
PET,814
PET,152
PET,187
PET,124
PET,94
PET,60
PET,403
PET,394
PET,287
PET,126
PET,107
PET,47
PET,57
PET,196
PET,164
PET,137
PET,127
PET,193
PET,468
PET,467
PET,46
PET,44
PET,369
PET,657
PET,149
PET,228
PET,470
PET,210
PET,164
PET,84
PET,67
PET,251
PET,59
PET,378
PET,253
PET,280
PET,105
PET,83
PET,58
PET,40
PET,65
PET,286
PET,31
PET,41
PET,333
PET,28
PET,123
PET,62
PET,51
PET,62
PET,140
PET,120
PET,270
PET,348
PET,256
PET,53
PET,118
PET,49
PET,41
PET,808
PET,123
PET,208
PET,119
PET,235
PET,42
PET,109
PET,104
PET,489
PET,90
PET,183
PET,315
PET,120
PET,245
PET,160
PET,411
PET,74
PET,73
PET,139
PET,312
PET,74
PET,87
PET,87
PET,20
PET,427
PET,67
PET,184
PET,180
PET,154
PET,231
PET,228
PET,72
PET,108
PET,152
PET,239
PET,138
PET,205
PET,321
PET,93
PET,66
PET,966
PET,282
PET,148
PET,84
PET,414
PET,201
PET,34
PET,131
PET,84
PET,40
PET,80
PET,146
PET,76
PET,58
PET,153
PET,91
PET,153
PET,300
PET,395
PET,349
PET,137
PET,277
PET,95
PET,47
PET,79
PET,44
PET,107
PET,70
PET,66
PET,40
PET,306
PET,239
PET,208
PET,112
PET,119
PET,118
PET,197
PET,545
PET,127
PET,128
PET,87
PET,77
PET,159
PET,97
PET,137
PET,469
PET,352
PET,157
PET,212
PET,202
PET,207
PET,163
PET,139
PET,191
PET,492
PET,110
PET,474
PET,372
PET,167
PET,160
PET,51
PET,289
PET,70
PET,734
PET,91
PET,138
PET,258
PET,433
PET,319
PET,28
PET,177
PET,184
PET,569
PET,875
PET,29
PET,180
PET,322
PET,69
PET,215
PET,100
PET,36
PET,196
PET,359
PET,134
PET,165
PET,44
PET,36
PET,64
PET,304
PET,105
PET,570
PET,149
PET,38
PET,54
PET,131
PET,47
PET,440
PET,407
PET,797
PET,65
PET,45
PET,281
PET,373
PET,550
PET,226
PET,374
PET,738
PET,219
PET,96
PET,119
PET,60
PET,409
PET,134
PET,105
PET,320
PET,495
PET,138
PET,374
PET,84
PET,293
PET,174
PET,179
PET,417
PET,87
PET,308
PET,49
PET,29
PET,399
PET,62
PET,93
PET,158
PET,22
PET,74
PET,669
PET,38
PET,84
PET,68
PET,289
PET,237
PET,107
PET,75
PET,53
PET,207
PET,40
PET,57
PET,247
PET,69
PET,140
PET,315
PET,553
PET,562
PET,242
PET,72
PET,342
PET,78
PET,244
PET,138
PET,138
PET,386
PET,120
PET,297
PET,803
PET,231
PET,225
PET,623
PET,294
PET,69
PET,155
PET,68
PET,142
PET,41
PET,57
PET,87
PET,263
PET,123
PET,182
PET,182
PET,278
PET,844
PET,173
PET,320
PET,147
PET,96
PET,428
PET,345
PET,271
PET,100
PET,272
PET,185
PET,203
PET,668
PET,519
PET,356
PET,63
PET,191
PET,560
PET,457
PET,664
PET,120
PET,228
PET,81
PET,78
PET,165
PET,70
PET,657
PET,113
PET,73
PET,74
PET,363
PET,54
PET,508
PET,141
PET,99
PET,123
PET,40
PET,91
PET,94
PET,944
PET,266
PET,304
PET,128
PET,60
PET,91
PET,367
PET,53
PET,218
PET,334
PET,275
PET,227
PET,116
PET,201
PET,87
PET,607
PET,58
PET,122
PET,975
PET,76
PET,273
PET,97
PET,102
PET,128
PET,110
PET,284
PET,433
PET,121
PET,201
PET,179
PET,322
PET,393
PET,802
PET,101
PET,127
PET,331
PET,83
PET,112
PET,116
PET,98
PET,80
PET,170
PET,60
PET,52
PET,36
PET,75
PET,23
PET,89
PET,183
PET,39
PET,174
PET,817
PET,249
PET,255
PET,204
PET,309
PET,350
PET,44
PET,77
PET,115
PET,128
PET,149
PET,200
PET,140
PET,30
PET,675
PET,101
PET,395
PET,129
PET,159
PET,97
PET,151
PET,113
PET,169
PET,44
PET,125
PET,108
PET,85
PET,66
PET,167
PET,87
PET,59
PET,57
PET,103
PET,767
PET,90
PET,316
PET,72
PET,106
PET,275
PET,232
PET,406
PET,61
PET,120
PET,186
PET,301
PET,235
PET,75
PET,87
PET,75
PET,141
PET,401
PET,92
PET,89
PET,77
PET,62
PET,74
PET,33
PET,72
PET,69
PET,29
PET,29
PET,65
PET,96
PET,107
PET,50
PET,62
PET,36
PET,37
PET,44
PET,20
PET,63
PET,64
PET,127
PET,41
PET,87
PET,277
PET,1070
PET,55
PET,34
PET,18
PET,55
PET,22
PET,26
PET,653
PET,254
PET,397
PET,168
PET,76
PET,493
PET,222
PET,777
PET,103
PET,121
PET,93
PET,65
PET,107
PET,73
PET,313
PET,371
PET,709
PET,1097
PET,35
PET,507
PET,69
PET,250
PET,230
PET,199
PET,361
PET,248
PET,582
PET,243
PET,94
PET,701
PET,574
PET,274
PET,272
PET,219
PET,120
PET,68
PET,367
PET,168
PET,448
PET,924
PET,157
PET,348
PET,405
PET,183
PET,493
PET,188
PET,169
PET,426
PET,248
PET,197
PET,170
PET,44
PET,150
PET,136
PET,342
PET,103
PET,247
PET,306
PET,570
PET,77
PET,389
PET,241
PET,1220
PET,33
PET,285
PET,95
PET,259
PET,275
PET,230
PET,383
PET,376
PET,144
PET,272
PET,292
PET,264
PET,205
PET,257
PET,496
PET,96
PET,505
PET,140
PET,156
PET,109
PET,126
PET,287
PET,96
PET,978
PET,344
PET,674
PET,395
PET,375
PET,216
PET,46
PET,100
PET,99
PET,328
PET,46
PET,68
PET,452
PET,152
PET,103
PET,80
PET,106
PET,55
PET,360
PET,427
PET,95
PET,210
PET,287
PET,87
PET,273
PET,482
PET,95
PET,1145
PET,155
PET,710
PET,61
PET,49
PET,77
PET,19
PET,221
PET,477
PET,69
PET,98
PET,227
PET,370
PET,758
PET,24
PET,204
PET,150
PET,151
PET,431
PET,59
PET,233
PET,271
PET,587
PET,271
PET,153
PET,221
PET,436
PET,167
PET,545
PET,47
PET,267
PET,208
PET,380
PET,508
PET,323
PET,73
PET,333
PET,800
PET,126
PET,1261
PET,42
PET,78
PET,83
PET,303
PET,529
PET,34
PET,62
PET,73
PET,70
PET,41
PET,38
PET,1051
PET,384
PET,96
PET,381
PET,183
PET,67
PET,139
PET,347
PET,43
PET,70
PET,77
PET,251
PET,134
PET,353
PET,90
PET,284
PET,759
PET,110
PET,184
PET,119
PET,131
PET,173
PET,135
PET,72
PET,130
PET,80
PET,381
PET,566
PET,105
PET,93
PET,83
PET,245
PET,62
PET,67
PET,26
PET,786
PET,70
PET,132
PET,62
PET,452
PET,326
PET,287
PET,33
PET,193
PET,621
PET,569
PET,571
PET,378
PET,445
PET,246
PET,291
PET,100
PET,102
PET,37
PET,180
PET,140
PET,59
PET,339
PET,274
PET,356
PET,195
PET,407
PET,205
PET,96
PET,376
PET,375
PET,172
PET,179
PET,78
PET,545
PET,296
PET,289
PET,81
PET,212
PET,133
PET,856
PET,88
PET,128
PET,203
PET,48
PET,141
PET,467
PET,44
PET,62
PET,34
PET,95
PET,230
PET,231
PET,150
PET,135
PET,399
PET,62
PET,252
PET,62
PET,241
PET,57
PET,167
PET,1359
PET,71
PET,240
PET,62
PET,200
PET,83
PET,611
PET,307
PET,48
PET,459
PET,284
PET,74
PET,91
PET,73
PET,244
PET,506
PET,49
PET,56
PET,44
PET,348
PET,560
PET,67
PET,213
PET,557
PET,534
PET,70
PET,292
PET,122
PET,140
PET,119
PET,115
PET,186
PET,226
PET,121
PET,104
PET,335
PET,111
PET,217
PET,326
PET,158
PET,69
PET,260
PET,330
PET,192
PET,198
PET,80
PET,221
PET,193
PET,75
PET,89
PET,274
PET,455
PET,337
PET,259
PET,186
PET,115
PET,312
PET,177
PET,128
PET,171
PET,609
PET,409
PET,363
PET,134
PET,189
PET,75
PET,140
PET,565
PET,135
PET,139
PET,173
PET,43
PET,336
PET,257
PET,73
PET,54
PET,241
PET,533
PET,508
PET,161
PET,182
PET,199
PET,385
PET,84
PET,304
PET,258
PET,436
PET,206
PET,200
PET,534
PET,181
PET,157
PET,58
PET,52
PET,300
PET,383
PET,727
PET,129
PET,127
PET,221
PET,170
PET,408
PET,184
PET,36
PET,100
PET,41
PET,206
PET,447
PET,148
PET,611
PET,695
PET,281
PET,466
PET,673
PET,646
PET,186
PET,96
PET,87
PET,979
PET,170
PET,135
PET,509
PET,95
PET,428
PET,241
PET,177
PET,523
PET,237
PET,465
PET,139
PET,100
PET,689
PET,558
PET,204
PET,532
PET,460
PET,49
PET,134
PET,131
PET,188
PET,146
PET,62
PET,73
PET,110
PET,71
PET,114
PET,504
PET,83
PET,199
PET,82
PET,115
PET,90
PET,714
PET,659
PET,728
PET,111
PET,98
PET,140
PET,545
PET,208
PET,234
PET,638
PET,666
PET,77
PET,758
PET,126
PET,90
PET,383
PET,160
PET,63
PET,46
PET,338
PET,369
PET,107
PET,700
PET,183
PET,291
PET,186
PET,244
PET,56
PET,69
PET,84
PET,326
PET,87
PET,255
PET,109
PET,133
PET,631
PET,273
PET,59
PET,123
PET,212
PET,655
PET,269
PET,189
PET,334
PET,267
PET,197
PET,372
PET,194
PET,369
PET,375
PET,51
PET,57
PET,479
PET,197
PET,331
PET,110
PET,20
PET,402
PET,203
PET,430
PET,649
PET,140
PET,183
PET,187
PET,424
PET,204
PET,298
PET,183
PET,309
PET,919
PET,117
PET,96
PET,151
PET,215
PET,455
PET,266
PET,213
PET,165
PET,108
PET,166
PET,466
PET,336
PET,250
PET,153
PET,494
PET,374
PET,93
PET,74
PET,920
PET,496
PET,321
PET,245
PET,212
PET,212
PET,574
PET,570
PET,162
PET,131
PET,472
PET,60
PET,277
PET,72
PET,438
PET,411
PET,168
PET,82
PET,233
PET,70
PET,156
PET,329
PET,135
PET,690
PET,486
PET,363
PET,189
PET,124
PET,161
PET,238
PET,895
PET,173
PET,143
PET,77
PET,50
PET,96
PET,84
PET,197
PET,67
PET,193
PET,227
PET,192
PET,252
PET,519
PET,459
PET,127
PET,163
PET,328
PET,145
PET,121
PET,339
PET,263
PET,90
PET,171
PET,58
PET,65
PET,66
PET,52
PET,234
PET,561
PET,257
PET,419
PET,111
PET,313
PET,271
PET,391
PET,191
PET,196
PET,232
PET,116
PET,51
PET,59
PET,26
PET,304
PET,101
PET,203
PET,376
PET,437
PET,212
PET,214
PET,1649
PET,418
PET,239
PET,237
PET,140
PET,56
PET,305
PET,491
PET,134
PET,269
PET,275
PET,84
PET,80
PET,59
PET,35
PET,31
PET,90
PET,276
PET,62
PET,352
PET,95
PET,90
PET,504
PET,140
PET,197
PET,64
PET,31
PET,67
PET,44
PET,85
PET,96
PET,92
PET,909
PET,223
PET,158
PET,132
PET,196
PET,228
PET,200
PET,313
PET,182
PET,511
PET,271
PET,336
PET,295
PET,370
PET,60
PET,80
PET,364
PET,55
PET,57
PET,306
PET,62
PET,104
PET,249
PET,112
PET,590
PET,385
PET,385
PET,200
PET,312
PET,73
PET,36
PET,15
PET,26
PET,26
PET,375
PET,106
PET,249
PET,97
PET,186
PET,191
PET,539
PET,307
PET,55
PET,172
PET,121
PET,157
PET,117
PET,339
PET,40
PET,263
PET,36
PET,87
PET,207
PET,70
PET,675
PET,145
PET,157
PET,104
PET,160
PET,98
PET,288
PET,347
PET,72
PET,463
PET,171
PET,106
PET,323
PET,399
PET,279
PET,627
PET,212
PET,700
PET,270
PET,250
PET,69
PET,75
PET,45
PET,122
PET,479
PET,349
PET,70
PET,136
PET,83
PET,34
PET,302
PET,263
PET,132
PE,321.9
PE,109.6
PE,369.5
PE,213.8
PE,152.7
PE,197.1
PE,509.3
PE,158.5
PE,131.3
PE,738.3
PE,290.5
PE,114.4
PE,234.5
PE,155.2
PE,200.9
PE,305.1
PE,288.7
PE,147.7
PE,127.3
PE,156
PE,209.8
PE,115.2
PE,232.2
PE,275.2
PE,196.3
PE,607.9
PE,146.1
PE,333.3
PE,173
PE,193
PE,225.8
PE,422.2
PE,112.5
PE,322
PE,89.5
PE,433.7
PE,302.7
PE,563.6
PE,518.2
PE,373.6
PE,85.5
PE,541.1
PE,347.2
PE,430.8
PE,170.5
PE,315.6
PE,433.7
PE,394.5
PE,557.6
PE,244.9
PE,532.4
PE,97.8
PE,258.9
PE,295.7
PE,299.4
PE,155
PE,339.9
PE,351.1
PE,397.1
PE,96.9
PE,318.2
PE,222.9
PE,123.6
PE,281.7
PE,358.4
PE,204.2
PE,382
PE,602.4
PE,357.8
PE,293.2
PE,482.8
PE,193.8
PE,178.5
PE,153.4
PE,184.6
PE,282
PE,461.9
PE,154.5
PE,416.6
PE,432.7
PE,409.8
PE,94.7
PE,41.4
PE,453.9
PE,228.5
PE,489.9
PE,102.8
PE,293.6
PE,71.4
PE,319.1
PE,244
PE,213.3
PE,109.6
PE,304.6
PE,326.3
PE,230.4
PE,221.3
PE,264.3
PE,128
PE,323.4
PE,174
PE,190.1
PE,415.3
PE,180.9
PE,124
PE,181.1
PE,296.4
PE,243.9
PE,119.6
PE,198.8
PE,126.5
PE,197.6
PE,93.7
PE,175.2
PE,409.4
PE,395.4
PE,425.5
PE,584.1
PE,250
PE,291.8
PE,101.4
PE,219.1
PE,461.6
PE,123.8
PE,236.2
PE,156.6
PE,434.6
PE,114.3
PE,169.2
PE,183.5
PE,153.3
PE,133.3
PE,261.9
PE,305.7
PE,343.4
PE,139.7
PE,449.2
PE,575.9
PE,137.1
PE,146.9
PE,408.9
PE,205.9
PE,114.5
PE,398.8
PE,144
PE,214.4
PE,275.5
PE,349.1
PE,748.6
PE,106.1
PE,99.3
PE,45.5
PE,438.2
PE,155.9
PE,108.9
PE,159
PE,119.2
PE,580.5
PE,83.2
PE,77.8
PE,192.3
PE,268
PE,317
PE,267.6
PE,192.4
PE,255.5
PE,313.2
PE,247.4
PE,98.2
PE,496.6
PE,363.3
PE,147.8
PE,67
PE,222.2
PE,180.3
PE,371.5
PE,316.8
PE,219.3
PE,262.2
PE,91
PE,58.2
PE,98
PE,207.1
PE,119.6
PE,66
PE,132.2
PE,120.8
PE,179.8
PE,152.2
PE,206.1
PE,78.3
PE,294
PE,192.3
PE,23.4
PE,125.8
PE,363.4
PE,229.4
PE,744.4
PE,34.2
PE,286.1
PE,64
PE,178.7
PE,125.9
PE,89.9
PE,64.3
PE,60.3
PE,300.6
PE,179.6
PE,65.1
PE,133.9
PE,174.4
PE,387.6
PE,648.2
PE,157.6
PE,267.2
PE,133.6
PE,236.9
PE,419.3
PE,376.4
PE,37.6
PE,238.7
PE,152.7
PE,109.5
PE,550.6
PE,172.2
PE,241.9
PE,112.2
PE,78
PE,69
PE,457.1
PE,321.8
PE,50.1
PE,155.2
PE,37.2
PE,533.1
PE,55
PE,50.9
PE,520.1
PE,287.7
PE,119.3
PE,242.4
PE,140.4
PE,578.7
PE,155.8
PE,288.1
PE,377.6
PE,82.9
PE,67.8
PE,33.6
PE,49
PE,44.5
PE,21.4
PE,42.6
PE,31.3
PE,14.2
PE,243.6
PE,242.6
PE,83.8
PE,124.3
PE,277.5
PE,257.5
PE,332.4
PE,209.4
PE,75.3
PE,162
PE,325.4
PE,326.6
PE,48.6
PE,156.1
PE,157.1
PE,283.7
PE,323.4
PE,253.4
PE,444.8
PE,597.5
PE,97.8
PE,130.3
PE,110.5
PE,150.2
PE,183
PE,25.1
PE,130.3
PE,327.8
PE,35.2
PE,282.1
PE,53.4
PE,306.5
PE,129.4
PE,166.1
PE,939.1
PE,141.8
PE,151.5
PE,299.6
PE,189.5
PE,101.5
PE,238.5
PE,244.5
PE,93.9
PE,153
PE,28.6
PE,249.6
PE,185.5
PE,283.3
PE,49.7
PE,115.7
PE,226.8
PE,180.4
PE,195.5
PE,171.7
PE,62.2
PE,121.4
PE,116
PE,356.5
PE,125
PE,157.4
PE,163.4
PE,252.8
PE,50.5
PE,138.2
PE,288.9
PE,650.6
PE,180.5
PE,179.6
PE,44.3
PE,221.9
PE,370.6
PE,212.3
PE,271.9
PE,83.6
PE,135.7
PE,201
PE,108
PE,59.8
PE,268.8
PE,153.6
PE,220.4
PE,208.3
PE,138.4
PE,212.9
PE,484.4
PE,102.6
PE,46.5
PE,196.6
PE,177.8
PE,404.1
PE,86
PE,102.4
PE,107.8
PE,92.3
PE,114.4
PE,99.4
PE,106.6
PE,121.5
PE,38.2
PE,163.3
PE,77.8
PE,116.1
PE,63.4
PE,121.2
PE,90.5
PE,186
PE,118.7
PE,257
PE,185.3
PE,125.6
PE,264.5
PE,576.4
PE,283.3
PE,650.8
PE,374.3
PE,152
PE,179
PE,333.3
PE,286.2
PE,17.3
PE,268.2
PE,706.4
PE,91.9
PE,264.6
PE,270.8
PE,272.8
PE,132.1
PE,234
PE,602.6
PE,382.6
PE,299.8
PE,218.8
PE,228.5
PE,119.3
PE,59.9
PE,92.1
PE,211.9
PE,272.7
PE,259.7
PE,51.7
PE,51.8
PE,506.2
PE,315.5
PE,240.8
PE,77.6
PE,279.1
PE,29.2
PE,134
PE,333.4
PE,165.6
PE,105.5
PE,71.9
PE,68.5
PE,104.3
PE,265.3
PE,223.8
PE,19.1
PE,131.4
PE,93.2
PE,234.3
PE,335.2
PE,220.7
PE,316.4
PE,281.3
PE,243
PE,258.2
PE,98.2
PE,542.8
PE,87.4
PE,178.8
PE,66
PE,62.8
PE,92.5
PE,112.1
PE,88.8
PE,256.8
PE,518.3
PE,277.2
PE,123.9
PE,226.6
PE,18.5
PE,15.1
PE,147.5
PE,175.1
PE,92.4
PE,383.5
PE,558.9
PE,97.3
PE,17.5
PE,36.3
PE,318.7
PE,408.1
PE,244
PE,462
PE,102.1
PE,195.2
PE,93.7
PE,98.9
PE,71.6
PE,144.1
PE,66.4
PE,335.2
PE,101.2
PE,406.7
PE,313.3
PE,568.6
PE,519.9
PE,70.5
PE,175.3
PE,80.9
PE,350.4
PE,152.9
PE,41.6
PE,337.3
PE,65.9
PE,55.6
PE,242.6
PE,255.2
PE,176.8
PE,112.9
PE,151
PE,88.6
PE,116.8
PE,28.6
PE,285.4
PE,206.1
PE,377.2
PE,27
PE,50.2
PE,50.2
PE,70.3
PE,230.1
PE,76.2
PE,72.5
PE,406.9
PE,25.8
PE,355.6
PE,320.2
PE,72.3
PE,81.4
PE,201.3
PE,319.4
PE,200.8
PE,228.8
PE,93.5
PE,21.6
PE,171.7
PE,462
PE,707.4
PE,54.3
PE,110.1
PE,154.1
PE,51.8
PE,382.3
PE,134.1
PE,283.4
PE,42.9
PE,27.7
PE,278
PE,178.9
PE,782.1
PE,214.2
PE,271.6
PE,300.1
PE,192.1
PE,213.4
PE,200.8
PE,115.7
PE,83.6
PE,145.2
PE,27.4
PE,17.7
PE,12.8
PE,236
PE,151.6
PE,335.1
PE,195.9
PE,365.9
PE,156.2
PE,16.3
PE,145.3
PE,132.5
PE,93.8
PE,393.3
PE,174.7
PE,51.1
PE,449.7
PE,161.6
PE,108.6
PE,48
PE,125.8
PE,254.6
PE,705.3
PE,51.8
PE,134.5
PE,131.5
PE,100
PE,166.4
PE,242.3
PE,33.5
PE,198.1
PE,31.3
PE,139.9
PE,125.2
PE,358
PE,130.4
PE,283.4
PE,348.4
PE,163.9
PE,46
PE,112.3
PE,125.9
PE,178.9
PE,27.7
PE,192.9
PE,235
PE,32.6
PE,137.2
PE,24.6
PE,29.5
PE,31.9
PE,78.4
PE,211.6
PE,46.7
PE,326.1
PE,294.6
PE,123.5
PE,26.2
PE,28.6
PE,659.7
PE,189.6
PE,48
PE,12.1
PE,10.2
PE,5.7
PE,135.9
PE,226.4
PE,277.9
PE,12.4
PE,11.1
PE,51.2
PE,19.2
PE,96.4
PE,364.8
PE,240.9
PE,332.8
PE,98.5
PE,38.4
PE,134.9
PE,211.9
PE,25.8
PE,57.4
PE,226.7
PE,47.6
PE,159.5
PE,190.7
PE,244
PE,697.5
PE,159.9
PE,145.6
PE,38.7
PE,150.7
PE,71.6
PE,46.3
PE,66.6
PE,400.1
PE,607.4
PE,117.1
PE,198.6
PE,178
PE,157.2
PE,149.1
PE,114.3
PE,260.1
PE,166.4
PE,30.8
PE,157.6
PE,38.1
PE,106.5
PE,150.7
PE,124.3
PE,268.6
PE,25.4
PE,22.9
PE,42.7
PE,209.5
PE,172.2
PE,173.1
PE,45
PE,109
PE,17.1
PE,13.7
PE,282.2
PE,279.7
PE,95.9
PE,484.1
PE,149
PE,236.4
PE,397.7
PE,134.4
PE,220.3
PE,14.2
PE,157.2
PE,15.6
PE,10.2
PE,232.7
PE,222.3
PE,251.4
PE,50.1
PE,286.5
PE,432.4
PE,308.3
PE,191.2
PE,627.1
PE,56.4
PE,462.8
PE,233.2
PE,87.3
PE,150.2
PE,190.2
PE,265.5
PE,58
PE,289.8
PE,34.3
PE,89.4
PE,68.2
PE,156.8
PE,218.5
PE,261
PE,45.8
PE,140.6
PE,124.6
PE,220.3
PE,188.3
PE,352.5
PE,270.3
PE,390.9
PE,228.8
PE,39.1
